final_clinic_key,clinicName,Display_Name,Group,Practice_DisplayName_Group,IsActivePractice,currentPayPeriod_Number,billedPPs_YTD,netRevenueSubTotal_YTD,rentLeaseStipend_YTD,staffTrainingCost_YTD,totalStaffCost_YTD,miscellaneous_YTD,hqErrorsStipend_YTD,poErrorsStipend_YTD,negativeEarnings_YTD,brexExpensesReimbursementMkt_YTD,coveredBenefits_YTD,salesMarketing_SubTotal_YTD,grossMargin_subTotal_YTD,totalPromotionalSpend_YTD,grossMarginBeforePromSpend_YTD,promotionalSpendExclHQErrNegErns_YTD,billedPPs_L6PP,netRevenueSubTotal_L6PP,grossMargin_subTotal_L6PP,totalPromotionalSpend_L6PP,grossMarginBeforePromSpend_L6PP,promotionalSpendExclHQErrNegErns_L6PP,chargeDollars_2PPLag,arboraCollections_2PPLag,grossMarginBeforeStipendPercent_YTD,grossMarginBeforeStipendPercent_L6PP,collectionsPercent_2PPLag,netRevenueFY,netRevenueAnnualizedL6PP,performanceMetricYTD,performanceMetricL6PP,stipendCapRateFY,stipendCapRateAnnual,StipendCapFY,StipendCapAnnualizedAdj,StipendCapAvgFinal,NegativeEarningsCap
CO-RachelB,CO-RachelB,[Unmapped],G1,CO-RachelB (G1),true,21,0,,,,,,,,,,,,-28.849999999999998,,-28.849999999999998,0.0,0,,-28.849999999999998,,-28.849999999999998,0.0,,,0.0,0.0,0.0,,,0.0,0.0,0.0,0.0,0.0,0.0,0.0,0.0
KY-Traci,KY-Traci,[Unmapped],G4,KY-Traci (G4),true,21,0,,,,,,,,,,,,-28.849999999999998,,-28.849999999999998,0.0,0,,-28.849999999999998,,-28.849999999999998,0.0,,,0.0,0.0,0.0,,,0.0,0.0,0.0,0.0,0.0,0.0,0.0,0.0
NC-Samuel,NC-Samuel,[Unmapped],G3,NC-Samuel (G3),true,21,0,,,,,,,,,,,,-13.98,,-13.98,0.0,0,,-13.98,,-13.98,0.0,,,0.0,0.0,0.0,,,0.0,0.0,0.0,0.0,0.0,0.0,0.0,0.0
TX-Setareh,TX-Setareh,[Unmapped],G2,TX-Setareh (G2),true,21,0,,,,,,,,,,,,-28.849999999999998,,-28.849999999999998,0.0,0,,-28.849999999999998,,-28.849999999999998,0.0,,,0.0,0.0,0.0,,,0.0,0.0,0.0,0.0,0.0,0.0,0.0,0.0
a-kinder-approach-aba-ll,a-kinder-approach-aba-ll,A Kinder Approach ABA LLC,G3,A Kinder Approach ABA LLC (G3),true,21,0,,,,,,,,,,,,-508.47999999999996,,-508.47999999999996,0.0,0,,-330.18,,-330.18,0.0,,,0.0,0.0,0.0,,,0.0,0.0,0.0,0.0,0.0,0.0,0.0,0.0
a-merciful-approach-aba,a-merciful-approach-aba,A Merciful Approach ABA Therapy,G4,A Merciful Approach ABA Therapy (G4),true,21,0,,,,,,,,,,,,-444.65999999999997,,-444.65999999999997,0.0,0,,-266.36,,-266.36,0.0,,,0.0,0.0,0.0,,,0.0,0.0,0.0,0.0,0.0,0.0,0.0,0.0
abaco,abaco,ABA.CO,G1,ABA.CO (G1),true,21,21,370871.64,19500.0,,,-266.0,,,,,,19234.0,279624.63,19234.0,298858.62999999995,19234.0,6,171606.23,132274.12,4234.0,136508.12,4234.0,827843.2,835769.19000000006,80.5827671266533,79.547298486774039,100.9574264788308,459174.41142857145,743626.9966666667,88.732630867524293,88.111349683596742,4.536631543376215,4.5055674841798368,20831.051187980651,33504.616165396415,27167.833676688533,18632.076232063082
affinity-abc,affinity-abc,Affinity ABC,G1,Affinity ABC (G1),true,21,21,324506.05999999994,,,,-251.5,,,257.25,15.75,15985.410000000003,16006.910000000003,205171.25000000003,16006.910000000003,221178.15999999997,15749.660000000003,6,86413.9,54199.22,4572.51,58771.729999999996,4572.51,989424.68,986607.68,68.158406656565987,68.011893919843914,99.715289091030158,401769.40761904756,374460.23333333328,80.781159630351652,80.693251988318409,4.139057981517583,4.13466259941592,16629.4687333521,15482.667217318914,16056.067975335507,7993.4625506522534
al-kp,al-kp,Allied Pediatric Therapy,G4,Allied Pediatric Therapy (G4),true,21,21,272582.54999999993,,,,-66.100000000000009,110.0,,1443.45,,1660.25,3147.6000000000008,144435.78999999998,3147.6000000000008,147583.38999999998,1594.15,6,97648.86,54462.99,-66.100000000000009,54396.89,-66.100000000000009,793211.59999999986,644166.77999999991,54.142640458826151,55.706630881302658,81.209954569499487,337483.15714285703,423145.06,64.969566103095474,65.907960356581384,3.3484783051547735,3.395398017829069,11300.550300479959,14367.458979781622,12834.004640130792,5904.557779781625
anmaba,anmaba,A New Milestone ABA,G1,A New Milestone ABA (G1),true,21,0,,,,,,,,,,,,-479.62999999999994,,-479.62999999999994,0.0,0,,-301.33,,-301.33,0.0,,,0.0,0.0,0.0,,,0.0,0.0,0.0,0.0,0.0,0.0,0.0,0.0
arrow,arrow,Arrow Behavioral Associates,G3,Arrow Behavioral Associates (G3),true,21,21,33198.389999999992,,,,,,,,,,,20614.640000000003,,20614.640000000003,0.0,6,10722.82,6051.0599999999995,,6051.0599999999995,0.0,80954.599999999991,66423.64,62.095300404628084,56.431610341309465,82.0504826161824,41102.768571428562,46465.55333333333,70.0773732892498,66.679159251258653,3.60386866446249,3.4339579625629328,1481.2897967722506,1595.6075685389262,1538.4486826555885,666.29650187225934
aurora-behavior-health,aurora-behavior-health,Aurora Behavioral Health,G1,Aurora Behavioral Health (G1),true,21,19,15376.369999999999,,,0.01,,849.6,,158.5,,,1008.11,8235.33,1008.11,9243.4399999999987,0.0099999999999909051,6,10446.7,5859.59,1008.11,6867.7,0.0099999999999909051,28230.91,26402.38,60.114578408297923,65.740377344041661,93.522950553134848,19422.783157894737,45269.03333333334,73.477927266232683,76.853406627678936,3.7738963633116342,3.9426703313839466,732.99570724969408,1647.5157660347472,1190.2557366422207,811.77976603474724
behaveability,behaveability,BehaveAbility,G4,BehaveAbility (G4),true,21,16,80295.56,,,,-74.2,,,,,,-74.2,55840.270000000004,-74.2,55766.070000000007,-74.2,6,45821.11,31198.06,-48.3,31149.760000000002,-48.3,166655.9,99905.139999999985,69.451000777627073,67.9812427066913,59.946956573394637,105387.9225,198558.14333333334,65.6493830959341,64.767528253372632,3.3824691547967047,3.3383764126686315,3564.7139714435561,5353.8839489203174,4459.2989601819372,2146.4062489203166
behavior-in-context-llc,behavior-in-context-llc,Mini Miracles Therapy Services,G4,Mini Miracles Therapy Services (G4),true,21,0,,,,,,,,,,,,-508.47999999999996,,-508.47999999999996,0.0,0,,-330.18,,-330.18,0.0,,,0.0,0.0,0.0,,,0.0,0.0,0.0,0.0,0.0,0.0,0.0,0.0
behavioral-bridges-llc,behavioral-bridges-llc,Behavioral Bridges LLC,G3,Behavioral Bridges LLC (G3),true,21,5,7195.13,,,,,,,,,,,5530.4,,5530.4,0.0,5,7195.13,5530.4,,5530.4,0.0,5771.5,,76.8631004582266,76.8631004582266,0.0,14390.26,37414.676,46.117860274935957,46.117860274935957,2.4058930137467978,2.4058930137467978,346.21425999999991,346.21425999999991,346.21425999999991,58.40905999999994
beyond-behavior,beyond-behavior,Beyond Behavior,G1,Beyond Behavior (G1),true,21,21,116959.99000000002,9750.0,,,,,,426.15,,,10176.15,71836.579999999987,10176.15,82012.729999999981,9750.0,6,39998.829999999994,29115.930000000004,,29115.930000000004,0.0,276733.87,203691.14,70.120329182654658,72.79195416465933,73.605424590781027,144807.60666666669,173328.26333333331,71.5143673459052,73.117342335108,3.67571836729526,3.7558671167554003,5322.7197954873427,6509.9792465798728,5916.3495210336077,3043.4139799132072
bloom-behavior,bloom-behavior,Bloom Behavior,G2,Bloom Behavior (G2),true,21,10,12003.94,,,,,,,,500.49,,500.49,9616.63,500.49,10117.119999999999,500.49,6,6795.44,5291.96,423.0,5714.96,423.0,25786.03,,84.281660854686038,84.099925832617174,0.0,18005.91,29446.906666666666,50.568996512811623,50.459955499570306,2.6284498256405811,2.6229977749785149,473.27630999999997,445.61059999999992,459.443455,105.83860000000001
blossom-aba-therapy,blossom-aba-therapy,Blossom ABA Therapy,G4,Blossom ABA Therapy (G4),true,21,21,396509.13,,,,-8.3,992.48,,,,,984.18000000000006,271961.42,984.18000000000006,272945.60000000003,-8.3,6,147318.07,102889.17,-8.3,102880.87000000001,-8.3,944518.85,743287.15,68.837153888486753,69.835879603907387,78.694792592016555,490916.06571428571,638378.30333333334,72.780209369898671,73.379444799151059,3.7390104684949335,3.7689722399575531,18355.40308858061,24060.301038545356,21207.852063562983,11292.73497187869
bridging-voices,bridging-voices,Bridging Voices Therapeutic Services,G3,Bridging Voices Therapeutic Services (G3),true,21,0,,,,,,,,,,,,-508.47999999999996,,-508.47999999999996,0.0,0,,-330.18,,-330.18,0.0,,,0.0,0.0,0.0,,,0.0,0.0,0.0,0.0,0.0,0.0,0.0,0.0
c4behaviorllc,c4behaviorllc,C4BehaviorLLC,G2,C4BehaviorLLC (G2),true,21,0,,,,,,,,52.48,,,52.48,-743.46,52.48,-690.98,0.0,0,,-698.95,52.48,-646.47,0.0,,,0.0,0.0,0.0,,,0.0,0.0,0.0,0.0,0.0,0.0,0.0,0.0
chockstone,chockstone,Chockstone Behavioral Consulting LLC,G2,Chockstone Behavioral Consulting LLC (G2),true,21,21,25222.920000000002,,,,49.7,,,,,,49.7,13562.109999999997,49.7,13611.809999999998,49.7,6,11028.28,6586.52,,6586.52,0.0,57747.18,4183.3,53.96603565328676,59.723909802797905,7.2441632647689467,31228.377142857145,47789.21333333334,35.277286697879632,38.732011187586323,1.8638643348939814,2.0366005593793162,582.05458393189849,973.2753860696414,777.66498500077,17.491119402974746
cl-autism-center,cl-autism-center,Clarksville Autism Center LLC,G3,Clarksville Autism Center LLC (G3),true,21,17,72221.83,,,352.5,,2280.0,,3.5,500.0,,3136.0,49545.26,3136.0,52681.26,852.5,6,40695.14,27250.97,2632.5,29883.47,352.5,153190.66,151875.25,72.943679217211752,73.432527815360757,99.141324934561936,93463.544705882363,176345.60666666666,83.422737504151826,83.716046663041226,4.2711368752075911,4.2858023331520609,3991.9559228090739,6395.081951864825,5193.5189373369494,3410.7716851981586
climb-and-thrive-aba-,climb-and-thrive-aba-,Climb and Thrive ABA,G4,Climb and Thrive ABA (G4),true,21,3,1631.79,,,,,,,,145.01,,145.01,618.99999999999989,145.01,764.01,145.01,3,1631.79,708.03,145.01,853.04,145.01,462.24,,46.8203629143456,52.276334577365958,0.0,4351.44,14142.179999999998,28.092217748607361,31.365800746419573,1.5046108874303679,1.6682900373209786,65.47224,72.594639999999984,69.033439999999985,0.0
co-wi,co-wi,Big Bear,G3,Big Bear (G3),true,21,21,191609.13000000003,26250.0,,9599.75,,2038.04,,,,,37887.79,78901.750000000015,37887.79,116789.54,35849.75,6,58054.549999999988,26591.579999999998,8885.0,35476.58,8885.0,587836.39999999991,526874.9800000001,60.951970294943656,61.10904313270882,89.629526174289339,237230.35142857145,251569.71666666662,72.422992646681934,72.517236349341033,3.7211496323340967,3.7258618174670515,8827.6963499691719,9373.1400175933777,9100.4181837812757,4341.745684260045
committed-to-kids-aba,committed-to-kids-aba,Committed to Kids ABA,G2,Committed to Kids ABA (G2),true,21,4,1436.8600000000001,,,,,,,,,,,335.71000000000009,,335.71000000000009,0.0,4,1436.8600000000001,514.01,,514.01,0.0,2565.6400000000003,,23.364141252453273,35.7731442172515,0.0,3232.9350000000004,9339.59,14.018484751471963,21.463886530350898,0.80092423757359787,1.1731943265175446,25.893359999999998,37.928609999999985,31.910984999999989,0.0
common-ground,common-ground,Common Ground Learning,G4,Common Ground Learning (G4),true,21,20,153215.34,,,,-251.5,1023.46,,,,,771.96,110675.73000000001,771.96,111447.69,-251.5,6,72369.0,52746.04,248.5,52994.54,-251.5,339527.50000000006,304039.73000000004,72.739250521520887,73.228233083226243,89.547895236762855,191519.175,313599.0,79.462708407617669,79.756097944640885,4.0731354203808836,4.0878048972320444,7800.83535374625,12326.264691991075,10063.550022868661,6295.5146919910749
constellationspectrumaba,constellationspectrumaba,Constellation Spectrum ABA,G3,Constellation Spectrum ABA (G3),true,21,0,,,,,,,,,,,,-479.62999999999994,,-479.62999999999994,0.0,0,,-301.33,,-301.33,0.0,,,0.0,0.0,0.0,,,0.0,0.0,0.0,0.0,0.0,0.0,0.0,0.0
cove-aba,cove-aba,Cove aba,G4,Cove aba (G4),true,21,0,,,,,,,,,495.09,,495.09,-1575.2500000000002,495.09,-1080.16,495.09,0,,-342.95000000000005,,-342.95000000000005,0.0,,,0.0,0.0,0.0,,,0.0,0.0,0.0,0.0,0.0,0.0,0.0,0.0
creative-edge-consulting,creative-edge-consulting,Creative Edge Consulting LLC,G2,Creative Edge Consulting LLC (G2),true,21,0,,,,,,,,,,,,-553.35,,-553.35,0.0,0,,-330.18,,-330.18,0.0,,,0.0,0.0,0.0,,,0.0,0.0,0.0,0.0,0.0,0.0,0.0,0.0
creative-waves-aba,creative-waves-aba,Creative Waves ABA,G2,Creative Waves ABA (G2),true,21,11,15304.61,,,,,,,22.5,415.85,,438.35,9409.36,438.35,9847.71,415.85,6,13245.580000000002,9195.619999999999,,9195.619999999999,0.0,29155.32,10207.76,64.344730117265314,69.4240644803776,35.011654819772176,22261.250909090912,57397.513333333336,52.611499998268059,55.659100616135426,2.7305749999134026,2.8829550308067713,607.86015199163148,1018.3043065854282,813.08222928852979,311.87337325209478
crescent-behavioral,crescent-behavioral,Crescent Behavioral Consulting LLC,G3,Crescent Behavioral Consulting LLC (G3),true,21,2,871.17,,,,,,,,,,,-1426.2,,-1426.2,0.0,2,871.17,-750.31,,-750.31,0.0,,,-163.71087158648717,-86.126703169301052,0.0,3049.095,11325.21,0.0,0.0,0.0,0.0,3.0490949999999888,3.0490949999999892,3.0490949999999888,0.0
ct-arc-light,ct-arc-light,Arc Light Behavioral Health Collective,G3,Arc Light Behavioral Health Collective (G3),true,21,21,70572.84,1154.0,,,,,,1350.63,,,2504.63,31888.42,2504.63,34393.05,1154.0,6,18136.95,5910.0999999999995,2504.63,8414.73,1154.0,217653.38999999998,178975.93000000002,48.734116410789206,46.395507513666843,82.229792056075965,87375.897142857139,78593.450000000012,62.132386668903912,60.729221330630494,3.2066193334451958,3.1364610665315249,2801.8124105540455,2465.0529600939208,2633.4326853239832,893.18396009392075
elemental-aba,elemental-aba,Elemental ABA,G2,Elemental ABA (G2),true,21,0,,,,,,,,,,,,-508.47999999999996,,-508.47999999999996,0.0,0,,-330.18,,-330.18,0.0,,,0.0,0.0,0.0,,,0.0,0.0,0.0,0.0,0.0,0.0,0.0,0.0
elevate-behavioral-healt,elevate-behavioral-healt,Elevate Behavioral Healthcare Inc”,G2,Elevate Behavioral Healthcare Inc” (G2),true,21,0,,,,,,,,,,,,-508.47999999999996,,-508.47999999999996,0.0,0,,-330.18,,-330.18,0.0,,,0.0,0.0,0.0,,,0.0,0.0,0.0,0.0,0.0,0.0,0.0,0.0
empoweraba,empoweraba,Empower ABA,G3,Empower ABA (G3),true,21,21,94219.779999999984,,,,,,,,,,,68991.61,,68991.61,0.0,6,43909.16,32953.76,,32953.76,0.0,254558.68,211092.38,73.224125549858016,75.049852923626872,82.924840747917145,116653.06095238093,190273.02666666667,77.104411629081667,78.199848053342976,3.9552205814540833,4.009992402667149,4613.8858756847467,7629.9339136581721,6121.9098946714594,3824.4733803248382
ep-behavioral-health,ep-behavioral-health,EP Behavioral Health,G2,EP Behavioral Health (G2),true,21,0,,,,,,,,,,,,-444.65999999999997,,-444.65999999999997,0.0,0,,-266.36,,-266.36,0.0,,,0.0,0.0,0.0,,,0.0,0.0,0.0,0.0,0.0,0.0,0.0,0.0
exceptional-aba-therapie,exceptional-aba-therapie,Spicer Exceptional ABA Therapies,G2,Spicer Exceptional ABA Therapies (G2),true,21,21,195236.28999999998,,2000.0,,-500.0,950.41,,,206.2,,2656.6099999999997,133570.98,2656.6099999999997,136227.59,1706.1999999999998,6,74207.77,52336.92,-2500.0,49836.92,-2500.0,464311.62,382919.72,69.775752243601858,67.158627728605765,82.470415019981616,241721.12095238091,321567.00333333336,74.853617354153755,73.2833426451561,3.8426808677076876,3.7641671322578047,9288.5712680457,12104.319447659695,10696.445357852697,5672.979380993027
expansion-behavior-suppo,expansion-behavior-suppo,Expansion Behavior Supports,G1,Expansion Behavior Supports (G1),true,21,3,284.01,,,,,,,,36.0,,36.0,-753.04,36.0,-717.04,36.0,3,284.01,-574.74,36.0,-538.74,36.0,153.52,,-252.46998345128691,-189.69050385549806,0.0,757.36,2461.42,0.0,0.0,0.0,0.0,0.75735999999999737,0.75735999999999737,0.75735999999999737,0.0
expeditions-aba,expeditions-aba,Expeditions ABA,G1,Expeditions ABA (G1),true,21,10,9579.21,,,,,,,,,,,7722.9400000000005,,7722.9400000000005,0.0,6,7550.2800000000007,6242.1,,6242.1,0.0,16763.18,17449.68,80.621888443827856,82.673755145504529,104.095285023486,14368.814999999999,32717.880000000005,90.0112470756911,91.242367096697109,4.6005623537845555,4.6621183548348553,661.04629357494821,880.00747430356284,770.52688393925553,502.49347430356283
faast-aba,faast-aba,FAAST ABA,G4,FAAST ABA (G4),true,21,15,5315.29,,,,,,,,,,,3974.8900000000003,,3974.8900000000003,0.0,6,1731.33,1198.08,,1198.08,0.0,12976.960000000001,7975.08,74.782184979558977,69.199979206737012,61.45568761867186,7087.0533333333333,7502.43,69.45158603520413,66.102262571510948,3.5725793017602063,3.4051131285755476,253.19060049137343,196.51248376322346,224.85154212729844,81.090483763223418
finni-northern-new-mexic,finni-northern-new-mexic,Finni North New Mexico,G1,Finni North New Mexico (G1),true,21,3,34808.95,,,,,,,,,,,31543.530000000002,,31543.530000000002,0.0,3,34808.95,31543.530000000002,,31543.530000000002,0.0,5278.17,,90.619021832028849,90.619021832028849,0.0,92823.866666666654,301677.56666666665,54.371413099217307,54.371413099217307,2.8185706549608653,2.8185706549608653,2616.3062666666669,2616.3062666666669,2616.3062666666669,759.82893333333368
fox--fern-behavioral-sol,fox--fern-behavioral-sol,Fox & Fern Behavioral Solutions,G2,Fox & Fern Behavioral Solutions (G2),true,21,7,5346.83,,,,,,,,,,,4176.54,,4176.54,0.0,6,5116.13,4200.83,,4200.83,0.0,9267.51,8963.49,78.112451676974956,82.109524191136657,96.719507181540664,9165.9942857142851,22169.896666666667,85.555273878801245,87.953517387298263,4.3777636939400626,4.4976758693649135,401.26557002862069,460.21388891067829,430.73972946964949,255.56868891067825
ga-ga,ga-ga,Summit Behavior Company,G2,Summit Behavior Company (G2),true,21,21,218984.92,,,691.6,,,,,,8060.38,8751.98,162811.45,8751.98,171563.43000000002,8751.98,6,73334.48,56715.51,1979.99,58695.500000000007,1979.99,527866.60000000009,461231.52,78.344860458884568,80.038066677502869,87.376530358238227,271124.1866666667,317782.74666666664,81.957528418626026,82.973452149797012,4.1978764209313013,4.24867260748985,11381.458303521769,13501.548508955531,12441.503406238651,7145.8935756221981
goemaere-consulting-llc,goemaere-consulting-llc,Goemaere Consulting LLC.,G2,Goemaere Consulting LLC. (G2),true,21,19,5762.28,,,,,,,,,,,3178.85,,3178.85,0.0,5,1844.11,1246.42,,1246.42,0.0,14723.689999999999,7463.28,55.166531303581223,67.589243591759711,50.688923768430335,7278.66947368421,9589.372,53.375488289520874,60.829115662427967,2.7687744144760433,3.1414557831213985,201.52993810164648,278.07312116217605,239.80152963191125,101.03856116217609
grow-with-purpose-aba,grow-with-purpose-aba,Grow with Purpose ABA,G1,Grow with Purpose ABA (G1),true,21,0,,,,,,,,,,,,-463.83,,-463.83,0.0,0,,-330.18,,-330.18,0.0,,,0.0,0.0,0.0,,,0.0,0.0,0.0,0.0,0.0,0.0,0.0,0.0
guided-steps-autism-serv,guided-steps-autism-serv,Guided Steps Autism Services,G2,Guided Steps Autism Services (G2),true,21,0,,,,,,,,,,,,-419.21,,-419.21,0.0,0,,-330.18,,-330.18,0.0,,,0.0,0.0,0.0,,,0.0,0.0,0.0,0.0,0.0,0.0,0.0,0.0
halona-aba,halona-aba,Halona ABA,G3,Halona ABA (G3),true,21,10,10937.86,,,,,,,,,,,7840.58,,7840.58,0.0,6,8675.48,6311.6900000000005,,6311.6900000000005,0.0,26557.36,15518.759999999998,71.682943464260831,72.7532078916671,58.434874550783654,16406.79,37593.746666666666,66.383715898869951,67.02587455531372,3.4191857949434974,3.4512937277656861,560.97863308621027,748.54074273391632,654.75968791006335,314.76674273391637
healthyhorizons,healthyhorizons,HealthyHorizons,G2,HealthyHorizons (G2),true,21,0,,,,,,,,,,,,-479.62999999999994,,-479.62999999999994,0.0,0,,-301.33,,-301.33,0.0,,,0.0,0.0,0.0,,,0.0,0.0,0.0,0.0,0.0,0.0,0.0,0.0
i-see-you,i-see-you,I See You,G3,I See You (G3),true,21,0,,,,,,,,,,,,-419.21,,-419.21,0.0,0,,-330.18,,-330.18,0.0,,,0.0,0.0,0.0,,,0.0,0.0,0.0,0.0,0.0,0.0,0.0,0.0
il-brooke,il-brooke,Transformation ABA,G2,Transformation ABA (G2),true,21,19,12700.490000000002,,,,,,,,,,,5503.15,,5503.15,0.0,6,2119.6000000000004,631.13,,631.13,0.0,32597.16,21996.55,43.330217967968153,29.775901113417618,67.479958376742019,16042.724210526318,9184.9333333333343,52.990114131477696,44.857524018747384,2.7495057065738848,2.3428762009373694,441.09561765833132,198.63841582027396,319.86701673930264,29.070415820273908
il-ha,il-ha,Bloom ABA LLC”,G2,Bloom ABA LLC” (G2),true,21,21,109642.31000000001,10478.46,,,475.0,,,,97.0,6095.09,17145.550000000007,63377.82,17145.550000000007,80523.369999999981,17145.550000000007,6,35426.31,20687.410000000003,4990.48,25677.889999999992,4990.48,262167.43,225586.51,73.441876589429739,72.482541929994952,86.046733570222671,135747.62190476191,153514.00999999998,78.483819381746912,77.908218586086036,4.0241909690873454,3.9954109293043016,5462.7435414422644,6133.5155335532982,5798.1295374977817,3063.2353335532985
inclusive-health,inclusive-health,Inclusive Health Services,G2,Inclusive Health Services (G2),true,21,21,32778.83,,,,,,,,,,,28872.549999999996,,28872.549999999996,0.0,6,9572.98,8440.07,,8440.07,0.0,81178.17,36790.509999999995,88.0829181517461,88.16554510716621,45.320693974747144,40583.313333333339,41482.91333333333,70.9780284809465,71.027604654198583,3.6489014240473252,3.6513802327099292,1480.8450981455881,1514.6988974055248,1497.7719977755564,685.04063073885811
inspire-aba,inspire-aba,Inspire SC,G3,Inspire SC (G3),true,21,21,141084.59,,,4921.25,2500.0,,,243.97,,1105.58,8770.8,39351.02,8770.8,48121.82,8526.83,6,34264.789999999994,10675.48,243.97,10919.449999999999,0.0,544347.32000000007,405802.07999999996,34.10848768104298,31.867844513274417,74.548374739862766,174676.15904761903,148480.75666666665,50.2844425045709,48.94005660390976,2.6142221252285447,2.5470028301954879,4566.42279732226,3781.8090745956752,4174.1159359589674,812.19394126234215
inspire-ky,inspire-ky,Inspire KY,G3,Inspire KY (G3),true,21,21,383473.37,21000.0,,,65.0,231.0,,12882.93,13610.78,,47789.709999999992,187188.82,47789.709999999992,234978.52999999997,34675.78,6,90717.33,36264.56,6000.0,42264.56,6000.0,1070923.0,683844.71000000008,61.276361902261947,46.589290050754357,63.855637613535244,474776.55333333329,393108.43,62.30807218677127,53.495829075866709,3.2154036093385634,2.7747914537933354,15265.982432173227,10907.939119781156,13086.960775977192,3045.7705197811556
jaybird-aba,jaybird-aba,Jaybird ABA,G3,Jaybird ABA (G3),true,21,7,8846.64,5000.0,,,86.65,,,,,,5086.65,1310.3799999999997,5086.65,6397.03,5086.65,5,8526.02,6264.82,86.65,6351.4699999999993,86.65,8608.82,,72.3102782525343,74.49513372007101,0.0,15165.66857142857,44335.304000000004,43.386166951520579,44.6970802320426,2.269308347576029,2.33485401160213,344.15578285714287,477.76828799999976,410.96203542857131,68.5193279999998
joyful-holistic,joyful-holistic,Joyful and Holistic ABA,G3,Joyful and Holistic ABA (G3),true,21,0,,,,,,,,,,,,-301.33,,-301.33,0.0,0,,-301.33,,-301.33,0.0,,,0.0,0.0,0.0,,,0.0,0.0,0.0,0.0,0.0,0.0,0.0,0.0
kapwa-behavior-services,kapwa-behavior-services,Kapwa Behavior Services,G2,Kapwa Behavior Services (G2),true,21,0,,,,,,,,,27.99,,27.99,-536.46999999999991,27.99,-508.47999999999996,27.99,0,,-330.18,,-330.18,0.0,,,0.0,0.0,0.0,,,0.0,0.0,0.0,0.0,0.0,0.0,0.0,0.0
little-teddy-bears-aba-s,little-teddy-bears-aba-s,Little Teddy Bears ABA Services,G4,Little Teddy Bears ABA Services (G4),true,21,21,404490.5,,,,,,,,,,,259630.27,,259630.27,0.0,6,152114.09,98911.5,,98911.5,0.0,947898.15999999992,560824.93,64.186988322346267,65.024548350517691,59.165103770219375,500797.76190476189,659161.05666666664,62.17823450149551,62.680770518398361,3.2089117250747754,3.2340385259199182,16070.158100673962,21317.522520460821,18693.840310567393,8134.30138712749
luce-therapies,luce-therapies,LUCE Therapies,G3,LUCE Therapies (G3),true,21,0,,,,,,,,,,,,-508.47999999999996,,-508.47999999999996,0.0,0,,-330.18,,-330.18,0.0,,,0.0,0.0,0.0,,,0.0,0.0,0.0,0.0,0.0,0.0,0.0,0.0
lumen-behavioral-service,lumen-behavioral-service,Lumen Behavioral Services,G2,Lumen Behavioral Services (G2),true,21,0,,,,,,,,,,,,-508.47999999999996,,-508.47999999999996,0.0,0,,-330.18,,-330.18,0.0,,,0.0,0.0,0.0,,,0.0,0.0,0.0,0.0,0.0,0.0,0.0,0.0
main-line-aba-consultant,main-line-aba-consultant,Weatherbee ABA Consultants,G2,Weatherbee ABA Consultants (G2),true,21,0,,,,,,,,,,,,-473.50999999999993,,-473.50999999999993,0.0,0,,-295.21,,-295.21,0.0,,,0.0,0.0,0.0,,,0.0,0.0,0.0,0.0,0.0,0.0,0.0,0.0
measuring-milestones,measuring-milestones,Measuring Milestones,G1,Measuring Milestones (G1),true,21,0,,,,,,,,,,,,-1306.23,,-1306.23,0.0,0,,-448.18,,-448.18,0.0,,,0.0,0.0,0.0,,,0.0,0.0,0.0,0.0,0.0,0.0,0.0,0.0
mi-lexie,mi-lexie,Lexie's Practice,G2,Lexie's Practice (G2),true,21,21,302086.82999999996,27500.0,,,-167.7,127.16,,,,,27459.46,179337.46000000002,27459.46,206796.91999999998,27332.3,6,93213.81,56580.82,7459.46,64040.280000000006,7332.3,737570.71,651621.29,68.456119056895,68.702566711949657,88.34695862583807,374012.26571428566,403926.51,76.412454884472226,76.560323477505023,3.9206227442236115,3.928016173875251,14663.609955780332,15866.298643369832,15264.954299575082,7787.7684433698341
mosaic-aba,mosaic-aba,Mosaic ABA,G2,Mosaic ABA (G2),true,21,0,,,,,,,,,,,,-508.47999999999996,,-508.47999999999996,0.0,0,,-330.18,,-330.18,0.0,,,0.0,0.0,0.0,,,0.0,0.0,0.0,0.0,0.0,0.0,0.0,0.0
neurorevolution,neurorevolution,Neuro[R]evolution,G1,Neuro[R]evolution (G1),true,21,20,13868.469999999998,,,,,,,237.12,,,237.12,6150.93,237.12,6388.0499999999993,0.0,6,3783.8599999999997,953.06,,953.06,0.0,35602.97,11640.93,46.061678036582265,25.187506937360261,32.696513802078869,17335.587499999998,16396.726666666666,40.715612342780908,28.191109683247703,2.1357806171390452,1.5095554841623851,370.25011769217912,237.99777559594509,304.12394664406213,0.0
nh-ally,nh-ally,Empowering Minds ABA Solutions,G1,Empowering Minds ABA Solutions (G1),true,21,21,34202.14,,,,,,,,,,,26678.83,,26678.83,0.0,6,10978.74,8905.119999999999,,8905.119999999999,0.0,83755.090000000011,73003.29,78.003393939677466,81.112404520008667,87.162810045335732,42345.506666666668,47574.54,81.667160381940775,83.5325667301395,4.1833580190970387,4.2766283365069748,1771.4641488672712,2034.5862586028454,1903.0252037350583,1083.0954586028454
nlbc,nlbc,Northern Lights Behavioral Consulting,G2,Northern Lights Behavioral Consulting (G2),true,21,18,55108.520000000004,,,,,,,,429.01,,429.01,37370.21,429.01,37799.22,429.01,6,29274.9,19966.91,,19966.91,0.0,120654.70999999999,72873.48,68.590519215540539,68.204878581993441,60.398371518194359,70416.44222222222,126857.90000000001,65.313660136602067,65.0822757564738,3.3656830068301034,3.35411378782369,2369.9942298876713,3764.0015862077908,3066.997908047731,1519.5925862077904
nm-lc,nm-lc,Finni South New Mexico,G1,Finni South New Mexico (G1),true,21,21,2385864.86,37416.649999999994,,33157.85,-19842.300000000003,4188.24,,27500.8,,,82421.24,1647515.8900000001,82421.24,1729937.1300000004,50732.200000000004,6,742044.14000000013,524780.73,8989.17,533769.9,8989.17,5815581.7799999993,5765410.64,72.507758465414526,71.932365101623191,99.13729800563479,2953927.9219047618,3215524.6066666674,83.159574281502643,82.814338263227825,4.257978714075132,4.2407169131613909,125777.62214382665,136361.29584177965,131069.45899280315,72050.803708446329
ny-wc,ny-wc,Finni New York,G1,Finni New York (G1),true,21,21,62657.19,,,,,,,46562.049999999996,,,46562.049999999996,-14792.369999999999,46562.049999999996,31769.679999999997,0.0,6,19856.99,462.20999999999981,9870.26,10332.47,0.0,152384.97,129501.34,50.703965498612355,52.034422135479744,84.983013744728225,77575.568571428579,86046.956666666665,64.4155847970587,65.213858779179134,3.3207792398529348,3.3606929389589566,2576.1133763178782,2891.7739968857395,2733.9436866018086,1170.8348635524064
oak-soul-aba,oak-soul-aba,Oak Soul ABA Therapy,G2,Oak Soul ABA Therapy (G2),true,21,0,,,,,,,,,,,,-355.39,,-355.39,0.0,0,,-266.36,,-266.36,0.0,,,0.0,0.0,0.0,,,0.0,0.0,0.0,0.0,0.0,0.0,0.0,0.0
odyssey-aba-llc,odyssey-aba-llc,Odyssey ABA LLC”,G1,Odyssey ABA LLC” (G1),true,21,16,62112.569999999992,,,,-461.40000000000003,,,,,,-461.40000000000003,50200.999999999985,-461.40000000000003,49739.599999999991,-461.40000000000003,6,31448.3,25379.88,-124.6,25255.280000000002,-124.6,136444.19,112838.8,80.079764852750415,80.307298009749346,82.699600474010666,81522.748124999984,136275.96666666667,81.1276991012545,81.264218995453874,4.156384955062725,4.1632109497726937,3388.3992380211794,4582.4067419107823,3985.4029899659809,2381.0257419107811
ohio-kc-aba,ohio-kc-aba,Ohio KC ABA,G1,Ohio KC ABA (G1),true,21,0,,,,,,,,,101.93,,101.93,-678.41,101.93,-576.48,101.93,0,,-500.11,101.93,-398.18,101.93,,,0.0,0.0,0.0,,,0.0,0.0,0.0,0.0,0.0,0.0,0.0,0.0
open-doors-aba,open-doors-aba,Open Doors ABA,G3,Open Doors ABA (G3),true,21,21,182879.18999999997,,,256.6,,,,,84.95,,341.54999999999995,119801.68000000001,341.54999999999995,120143.23,341.54999999999995,6,62078.46,40029.95,341.54999999999995,40371.499999999993,341.54999999999995,533955.98,466860.68,65.6954079903788,65.033024337266085,87.434301232097823,226421.85428571427,269006.66,74.390965287066408,73.99353509519878,3.8195482643533203,3.7996767547599388,8648.2920054866045,10221.383528776101,9434.8377671313538,4841.2503287761028
open-roads-aba-,open-roads-aba-,Open Roads ABA,G1,Open Roads ABA (G1),true,21,0,,,,,,,,,,,,-508.47999999999996,,-508.47999999999996,0.0,0,,-330.18,,-330.18,0.0,,,0.0,0.0,0.0,,,0.0,0.0,0.0,0.0,0.0,0.0,0.0,0.0
parsimonybx,parsimonybx,Parsimony Behavioral Health LLC,G4,Parsimony Behavioral Health LLC (G4),true,21,1,88.44,,,,,,,,,,,-481.9199999999999,,-481.9199999999999,0.0,1,88.44,-258.75,,-258.75,0.0,239.04,215.14,-544.911804613297,-292.57123473541384,90.001673360107091,530.64,2299.44,0.0,0.0,0.0,0.0,0.53063999999999811,0.53063999999999811,0.53063999999999811,0.0
peak-behavior-solutions,peak-behavior-solutions,Peak Behavior Solutions,G1,Peak Behavior Solutions (G1),true,21,0,,,,,,,,,,,,-473.50999999999993,,-473.50999999999993,0.0,0,,-295.21,,-295.21,0.0,,,0.0,0.0,0.0,,,0.0,0.0,0.0,0.0,0.0,0.0,0.0,0.0
peak-era-aba-wellness-ll,peak-era-aba-wellness-ll,Peak Era ABA Wellness LLC,G4,Peak Era ABA Wellness LLC (G4),true,21,11,5779.6699999999992,,,,,,,,,,,3915.52,,3915.52,0.0,6,4503.44,3230.9,,3230.9,0.0,11442.939999999999,3140.5,67.7464284293048,71.742934290231474,27.44486993727137,8406.7927272727266,19514.906666666666,51.625805032491428,54.023708549047427,2.6812902516245716,2.8011854274523715,225.41051387064709,336.39921337082956,280.9048636207383,96.215746704162854
pivot-aba,pivot-aba,Pivot ABA,G4,Pivot ABA (G4),true,21,21,125215.56999999998,,,,,,,2528.12,,,2528.12,88688.930000000008,2528.12,91217.05,0.0,6,38505.69,28045.510000000002,300.53,28346.04,0.0,369027.44,145123.16,72.848009237189927,73.6151981694134,39.325845254217413,155028.80095238093,166857.99000000002,59.439143644000922,59.899457003335009,3.071957182200046,3.0949728501667506,4762.4183853352788,5164.2094888339525,4963.3139370846156,1827.0496888339519
pivotalpathways,pivotalpathways,Pivotal Pathways,G2,Pivotal Pathways (G2),true,21,0,,,,,,,,,,,,-479.62999999999994,,-479.62999999999994,0.0,0,,-301.33,,-301.33,0.0,,,0.0,0.0,0.0,,,0.0,0.0,0.0,0.0,0.0,0.0,0.0,0.0
reachforthesky,reachforthesky,ReachForTheSky,G2,ReachForTheSky (G2),true,21,0,,,,,,,,,,,,-508.47999999999996,,-508.47999999999996,0.0,0,,-330.18,,-330.18,0.0,,,0.0,0.0,0.0,,,0.0,0.0,0.0,0.0,0.0,0.0,0.0,0.0
ri-spenser,ri-spenser,Spenser's Practice,G3,Spenser's Practice (G3),true,21,0,,,,,,,,,,,,-837.65000000000032,,-837.65000000000032,0.0,0,,-284.90000000000003,,-284.90000000000003,0.0,,,0.0,0.0,0.0,,,0.0,0.0,0.0,0.0,0.0,0.0,0.0,0.0
river-rock,river-rock,River Rock Behavioral Therapy,G4,River Rock Behavioral Therapy (G4),true,21,20,64673.78,,,,,,,946.8,,,946.8,50088.39,946.8,51035.189999999995,0.0,6,25505.359999999997,21231.969999999998,,21231.969999999998,0.0,149853.55,127224.43999999997,78.911716618388468,83.245129651179212,84.8991832358993,80842.224999999991,110523.22666666664,81.3067032653928,83.906751085067242,4.16533516326964,4.2953375542533623,3367.3496246945597,4564.75544344798,3966.0525340712697,2439.3087767813136
roadmap-aba-inc,roadmap-aba-inc,Roadmap ABA Inc.”,G2,Roadmap ABA Inc.” (G2),true,21,0,,,,,,,,,,,,-428.85999999999996,,-428.85999999999996,0.0,0,,-295.21,,-295.21,0.0,,,0.0,0.0,0.0,,,0.0,0.0,0.0,0.0,0.0,0.0,0.0,0.0
roots-aba-services,roots-aba-services,Roots ABA Services,G1,Roots ABA Services (G1),true,21,21,126997.54000000001,,,,,,,,,,,100496.98,,100496.98,0.0,6,39964.8,31451.850000000002,,31451.850000000002,0.0,304561.86,219210.85999999996,79.133013127655843,78.69888001441268,71.9758081330341,157235.04952380955,173180.80000000002,76.27013112980714,76.009651261861251,3.9135065564903568,3.9004825630930626,6153.4039722151465,6754.8869066250709,6454.1454394201082,3291.2709066250709
santana-institute,santana-institute,The Santana Institute for Learning,G2,The Santana Institute for Learning (G2),true,21,0,,,,,,,,,120.0,,120.0,-628.4799999999999,120.0,-508.47999999999996,120.0,0,,-450.18,120.0,-330.18,120.0,,,0.0,0.0,0.0,,,0.0,0.0,0.0,0.0,0.0,0.0,0.0,0.0
sense-sational,sense-sational,SenseSational Learning Group,G4,SenseSational Learning Group (G4),true,21,21,100582.76000000002,,3500.0,962.0,1252.18,,,,,,5714.1799999999994,60224.500000000007,5714.1799999999994,65938.68,5714.1799999999994,6,40221.23,25512.760000000002,697.7,26210.46,697.7,239018.28,99738.209999999992,65.5566421124256,65.165734613287555,41.7282770171386,124531.03619047621,174291.99666666667,56.0252960743108,55.790751574827972,2.9012648037155397,2.8895375787413986,3612.9751226965473,5036.23274042204,4324.6039315592934,1550.3928070887059
sentinel-neurobx,sentinel-neurobx,Sentinel Neurobehavioral Care & Solutions,G1,Sentinel Neurobehavioral Care & Solutions (G1),true,21,0,,,,,,,,,28.0,,28.0,-646.53000000000009,28.0,-618.53000000000009,28.0,0,,-358.18,28.0,-330.18,28.0,,,0.0,0.0,0.0,,,0.0,0.0,0.0,0.0,0.0,0.0,0.0,0.0
small-steps,small-steps,Small Steps ABA,G1,Small Steps ABA (G1),true,21,21,167478.50999999998,,,,,1048.1399999999999,,1220.66,,4402.0099999999993,6670.81,112476.81,6670.81,119147.62,4402.01,6,50249.96,32528.26,2781.4499999999994,35309.710000000006,1560.79,418716.37000000005,255464.84999999998,71.142034879579484,70.268135536824317,61.011431198641688,207354.34571428568,217749.82666666669,67.089793407204354,66.565453801551257,3.4544896703602177,3.4282726900775629,7163.0344537430137,7465.0578403045638,7314.0461470237888,3110.0613069712308
sound-behavior-services,sound-behavior-services,Sound Behavior Services,G3,Sound Behavior Services (G3),true,21,0,,,,,,,,,,,,-374.69,,-374.69,0.0,0,,-330.18,,-330.18,0.0,,,0.0,0.0,0.0,,,0.0,0.0,0.0,0.0,0.0,0.0,0.0,0.0
spark-joy,spark-joy,SparkJoy ABA,G4,SparkJoy ABA (G4),true,21,21,197200.58999999997,24518.0,,,-97.499999999999986,,,,,,24420.5,77084.21,24420.5,101504.70999999998,24420.5,6,72238.010000000009,28682.29,10620.800000000001,39303.09,10620.800000000001,580618.04,454123.82,51.472822672589366,54.407769538501952,78.213866727254981,244153.11142857137,313031.37666666671,62.169240294455612,63.930208414003168,3.2084620147227807,3.2965104207001583,7833.5598379494968,10319.111951877832,9076.3358949136637,4058.4844185444977
ssa-aba,ssa-aba,Sun and Sage ABA,G1,Sun and Sage ABA (G1),true,21,9,28966.07,,,,,,,133.42,264.74,,398.15999999999997,20996.809999999998,398.15999999999997,21394.97,264.74,6,22743.99,17087.440000000002,,17087.440000000002,0.0,53460.820000000007,49289.68,73.862177368210467,75.129473764277961,92.197762772811927,45058.331111111111,98557.290000000008,81.196411530051051,81.956789367691556,4.1598205765025522,4.1978394683845774,1874.345728988651,2227.7644407793637,2051.0550848840076,1166.3782407793638
stephanie-bs-practice-ga,stephanie-bs-practice-ga,Naya Behavioral Health,G2,Naya Behavioral Health (G2),true,21,12,25802.35,,,,,,,,,,,19964.75,,19964.75,0.0,6,14982.740000000002,11646.98,,11646.98,0.0,56717.829999999994,40269.12,77.375704150978493,77.735981536087522,70.999049152620969,36553.329166666663,64925.206666666672,74.825042151635486,75.0412085827009,3.8412521075817745,3.8520604291350451,1404.1055270058866,1635.241896430533,1519.6737117182097,786.21996309719964
tala-horizon-solutions,tala-horizon-solutions,Tala Horizon Solutions,G2,Tala Horizon Solutions (G2),true,21,0,,,,,,,,,,,,-508.47999999999996,,-508.47999999999996,0.0,0,,-330.18,,-330.18,0.0,,,0.0,0.0,0.0,,,0.0,0.0,0.0,0.0,0.0,0.0,0.0,0.0
teachdbb,teachdbb,TE(A)CH Developmental and Behavioral Supports LLC,G4,TE(A)CH Developmental and Behavioral Supports LLC (G4),true,21,0,,,,,,,,,,,,-463.83,,-463.83,0.0,0,,-330.18,,-330.18,0.0,,,0.0,0.0,0.0,,,0.0,0.0,0.0,0.0,0.0,0.0,0.0,0.0
the-behavior-architects,the-behavior-architects,The Behavior Architects,G2,The Behavior Architects (G2),true,21,0,,,,,,,,,500.0,,500.0,-1238.6299999999999,500.0,-738.63,500.0,0,,-342.95000000000005,,-342.95000000000005,0.0,,,0.0,0.0,0.0,,,0.0,0.0,0.0,0.0,0.0,0.0,0.0,0.0
the-social-collective-th,the-social-collective-th,The Social Collective Therapy Group,G2,The Social Collective Therapy Group (G2),true,21,0,,,,,,,,,,,,-479.62999999999994,,-479.62999999999994,0.0,0,,-301.33,,-301.33,0.0,,,0.0,0.0,0.0,,,0.0,0.0,0.0,0.0,0.0,0.0,0.0,0.0
thrive-consulting,thrive-consulting,Thrive Behavior Consulting,G1,Thrive Behavior Consulting (G1),true,21,21,5387.27,,,,,,,,,,,2859.89,,2859.89,0.0,6,1799.7299999999998,1095.6399999999999,,1095.6399999999999,0.0,16947.1,10811.62,53.086071423930846,60.878020591977688,63.796283729959711,6669.9533333333338,7798.83,57.370156346342391,62.0453258471705,2.9685078173171195,3.2022662923585252,197.99808611140378,249.73930428834436,223.86869519987408,93.762704288344381
tn-kb-bh,tn-kb-bh,KB Behavioral Health Professionals,G3,KB Behavioral Health Professionals (G3),true,21,21,305377.39000000007,,,,0.17,404.15,-1696.36,,,,-1292.03,115995.31,-1292.03,114703.28000000003,-1696.1799999999998,6,115370.37000000001,39823.81,,39823.81,0.0,1174741.6099999999,1058025.27,37.561156705150964,34.518230287377946,90.064509590326,378086.29238095245,499938.27,58.562497859220983,56.736742008557172,3.0281248929610491,2.9368371004278586,11448.925136461115,14682.372592597198,13065.648864529157,4683.6071925971992
va-elizabeth,va-elizabeth,Academy For Effective Behavior Intervention,G1,Academy For Effective Behavior Intervention (G1),true,21,21,208572.75999999998,1700.0,2081.75,-2321.76,,4083.4700000000003,,,,,5543.46,140570.58,5543.46,146114.03999999998,1459.9899999999998,6,84832.67,60066.04,402.0,60468.04,-240.0,597648.5,559919.3,70.05422951683623,71.279189963017785,93.687058530223041,258232.94095238094,367608.23666666669,79.507361122190957,80.242337389899888,4.0753680561095482,4.1121168694949946,10523.942785925565,15116.480313623084,12820.211549774325,7764.3155802897518
well-aba,well-aba,Well ABA,G2,Well ABA (G2),true,21,10,7822.74,,,,,,,,,,,5849.6399999999994,,5849.6399999999994,0.0,0,,-297.66,,-297.66,0.0,21142.519999999997,19824.770000000004,74.77737979275804,0.0,93.76729926233962,11734.11,,82.373347580590661,37.506919704935846,4.218667379029533,1.9753459852467921,495.02307078944233,0.0,247.51153539472116,0.0
windwatch-behavioral-ser,windwatch-behavioral-ser,Windwatch Behavioral Services,G4,Windwatch Behavioral Services (G4),true,21,3,1248.07,,,,,,,,,,,-4.7099999999999511,,-4.7099999999999511,0.0,3,1248.07,307.26,,307.26,0.0,1000.0,,-0.37738267885615,24.618811444870879,0.0,3328.1866666666665,10816.606666666667,0.0,14.771286866922527,0.0,0.83856434334612606,3.3281866666666549,27.908986666666657,15.618586666666655,0.0